id,nome,categoria,indirizzo,telefono,sito,rating,recensioni,stato,lat,lng,tipo_google,score
ChIJ5yesWAw05xIR5GgLpjIyWVQ,bertolashop,Abbigliamento,"Via Giuseppe Garibaldi, 134, 09127 Cagliari CA",070 665800,,4.4,134,OPERATIONAL,39.216863499999995,9.1191631,clothing_store,100
ChIJV9XLYTk15xIR4uj_dz1hUdI,Tendenze,Abbigliamento,"Via Roma, 157, 09124 Cagliari CA",351 127 2354,,4.2,75,OPERATIONAL,39.2155728,9.109813599999999,clothing_store,100
ChIJr2iOmus15xIRjhf4tOEZSI4,SoloCOMFORT-calzature-Valleverde_Callaghan_Igi&Co,Scarpe,"Via Francesco Crispi, 9/11, 09124 Cagliari CA",070 660767,,4.2,67,OPERATIONAL,39.2154889,9.1109514,shoe_store,100
ChIJvdImVCA05xIRNs6x__vYqqQ,Cenerentola Calzature Di Salvatore Mocci,Scarpe,"Via Monte Santo, 54, 09122 Cagliari CA",070 204 0100,,4.9,176,OPERATIONAL,39.2358337,9.1040941,shoe_store,100
ChIJ1bdYx4I15xIRFWxCC6vmdU4,Ice Stop (Marina) Gelateria Artigianale,Gelateria,"Via Lodovico Baylle, 18, 09124 Cagliari CA",070 205 7397,,4.9,275,OPERATIONAL,39.2147566,9.1121471,ice_cream_shop,100
ChIJWVu9uQg05xIR6jyYbkxGmHM,Gli Stefini - Artigiani del Gelato,Gelateria,"Via Giuseppe Garibaldi, 194, 09127 Cagliari CA",070 205 1046,,4.5,832,OPERATIONAL,39.21772730000001,9.1196501,ice_cream_shop,100
ChIJV5Gf_IA15xIRrOd0_xt5h9k,Casti Pasticceria Gelateria,Gelateria,"Via Roma, 123, 09124 Cagliari CA",070 1525 7546,,4.6,445,OPERATIONAL,39.2145424,9.1116452,pastry_shop,100
ChIJsahAGAY05xIR_IIWHOBK0fQ,Cremoso Dolci Emozioni Cagliari,Gelateria,"Piazza Martiri D'Italia, 1, 09124 Cagliari CA",070 251 0051,,4.3,528,OPERATIONAL,39.215507099999996,9.1161853,ice_cream_shop,100
ChIJwZzM-gw05xIRbdtMWoE6SDA,Likitta,Gelateria,"Piazza Giuseppe Garibaldi, 27, 09127 Cagliari CA",070 751 4822,,4.4,779,OPERATIONAL,39.2187805,9.1213816,ice_cream_shop,100
ChIJ9wTv63I05xIRyG6m7lUDFrU,Gelateria Artigianale Ice Stop,Gelateria,"Via Dante Alighieri, 65/A, 09128 Cagliari CA",070 494516,,4.4,674,OPERATIONAL,39.220137199999996,9.1251763,ice_cream_shop,100
ChIJbZ-6cFU15xIR86yzFmk4lZw,Sugelau,Gelateria,"Via Giuseppe Manno, 70, 09124 Cagliari CA",070 858 9399,,4.4,59,OPERATIONAL,39.2165513,9.1140752,ice_cream_shop,100
ChIJXzjhL0A15xIRXns06y4hoRM,Simbua,Ristorante,"Via Sassari, 142, 09124 Cagliari CA",070 592 6535,,4.4,582,OPERATIONAL,39.2179068,9.1113695,restaurant,100
ChIJixgKyQU05xIR86NfrlbOSY4,Il Fanà,Ristorante,"Corso Vittorio Emanuele II, 99, 09124 Cagliari CA",070 680326,,4.5,851,OPERATIONAL,39.2182295,9.1112527,seafood_restaurant,100
ChIJCWScZwA15xIRI8Fk8o4z6Sw,Ristorante da Sarah cucina tipica sarda,Ristorante,"Corso Vittorio Emanuele II, 100, 09124 Cagliari CA",389 855 8754,,4.3,216,OPERATIONAL,39.218212,9.1108987,restaurant,100
ChIJtzQlUg405xIRy9jWT_YrM3g,Ristorante Pani e Casu Cagliari,Ristorante,"Via Santa Croce, 51, 09124 Cagliari CA",070 098 5103,,4.4,1509,OPERATIONAL,39.2193432,9.1148688,italian_restaurant,100
ChIJDy43bwA15xIRdLQxf2--J9k,Pizzeria Dadà,Pizzeria,"Via Barcellona, 23, 09124 Cagliari CA",070 649 1980,,4.7,249,OPERATIONAL,39.2142991,9.112924699999999,pizza_restaurant,100
ChIJH7z7i-E15xIRNE8_oxCIZV0,Pizzeria via XX settembre,Pizzeria,"Via XX Settembre, 66, 09125 Cagliari CA",070 876 4401,,4.8,64,OPERATIONAL,39.213259699999995,9.1187281,pizza_restaurant,100
ChIJwX7YpVjCcEARkD91BPmV-4o,Nansen,Pizzeria,"Corso Vittorio Emanuele II, 269, 09123 Cagliari CA",070 667 0335,,4.8,1248,OPERATIONAL,39.2196516,9.1087309,pizza_restaurant,100
ChIJx73S_pk15xIRPCL-K9vPSuc,Paradise Pizzeria,Pizzeria,"V. del Collegio, 2B, 09124 Cagliari CA",070 692 4240,,4.9,139,OPERATIONAL,39.214780999999995,9.114781200000001,pizza_restaurant,100
ChIJOQLV3As05xIRjbC1gYQHOo8,Pizza S' House,Pizzeria,"Via Eleonora D'Arborea, 41, 09125 Cagliari CA",070 653855,,4.8,95,OPERATIONAL,39.215495,9.1186289,pizza_restaurant,100
ChIJcV9VgMY15xIRsxzIWkqfpJA,Locanda Sa Matracca Cagliari,Pizzeria,"Via Ospedale, 20, 09123 Cagliari CA",331 801 5706,,4.6,1065,OPERATIONAL,39.2196345,9.1118905,pizza_restaurant,100
ChIJN8RcZgY05xIRIeRHnLjJvJU,Caffetteria Del Carmine,Bar,"Via Sassari, 33, 09124 Cagliari CA",070 462 9191,,4.7,796,OPERATIONAL,39.2166175,9.110360799999999,bar_and_grill,100
ChIJXeHYuQg05xIRuGosFPMvANQ,Caffetteria Tiffany,Bar,"Via Lodovico Baylle, 133, 09124 Cagliari CA",070 592 7399,,4.6,2081,OPERATIONAL,39.2166613,9.1136336,cafe,100
ChIJO1IuOwY05xIRVBac26bu5DU,Caffetteria Del Largo,Bar,"Largo Carlo Felice, 23, 09124 Cagliari CA",070 332 4138,,4.5,102,OPERATIONAL,39.2163973,9.1128492,cake_shop,100
ChIJP9iFSr015xIR71i-aYaNti8,Taddinanta Coffee & Bistrot,Bar,"Corso Vittorio Emanuele II, 248, 09123 Cagliari CA",349 214 5678,,4.8,959,OPERATIONAL,39.219389199999995,9.1091077,coffee_shop,100
ChIJDX1TXQM05xIRlDlz_Lomh1k,Caffetteria Trento,Bar,"Viale Trento, 2, 09123 Cagliari CA",070 278954,,4.5,155,OPERATIONAL,39.2221301,9.1059002,bar,100
ChIJ938NnnM05xIRjMrBGtyHKD4,Caffetteria Il Salottino,Bar,"Via Giovanni Battista Tuveri, 14b, 09129 Cagliari CA",070 759 9480,,4.7,53,OPERATIONAL,39.217355,9.126266,bar,100
ChIJqWPSogk05xIRZUTXzy92qws,Bar Nuova Firenze S.A.S Di Farci Giuseppe E Efisio,Bar,"V.le Regina Margherita, 47, 09124 Cagliari CA",070 289 0945,,4.7,111,OPERATIONAL,39.2138752,9.1166544,bar,100
ChIJ66xpSVc15xIRkjuK3_uhYnQ,Bar Tommy cagliari via Sonnino 119,Bar,"Via Sidney Sonnino, 119, 09127 Cagliari CA",342 907 5549,,4.8,102,OPERATIONAL,39.2159999,9.1207993,coffee_shop,100
ChIJV1mXGAk05xIR7CJlfq1955I,Il Caffè Letterario,Bar,"Via Giuseppe Manno, 9, 09124 Cagliari CA",070 664298,,4.5,222,OPERATIONAL,39.2158759,9.115706399999999,coffee_shop,100
ChIJ5aQrTQA15xIRNlK3bxvijzg,CAFFETTERIA PIAZZETTA MASCIA,Bar,"Via Enrico Pessina, 99, 09125 Cagliari CA",070 463 2832,,4.8,73,OPERATIONAL,39.212878100000005,9.1295405,coffee_shop,100
ChIJvZ2lXAQ05xIRXFO1VXrC3IM,Café Regio,Bar,"Corso Vittorio Emanuele II, 270, 09123 Cagliari CA",324 849 4164,,4.8,193,OPERATIONAL,39.219487799999996,9.1086304,cafe,100
ChIJ5aKi9Aw05xIRc_EswxE_NHM,Caffetteria Cois Cagliari,Bar,"Via Alghero, 9, 09127 Cagliari CA",340 418 6366,,4.6,53,OPERATIONAL,39.2180574,9.1207345,bistro,100
ChIJ-xXigQY05xIRkS5eZtK4OTQ,New Fashion Parrucchiere Cagliari,Parrucchiere,"Piazza del Carmine, 30/30, P, 09124 Cagliari CA",377 836 8963,,4.1,226,OPERATIONAL,39.216836199999996,9.1098956,hair_salon,100
ChIJD5_djAg05xIRGxnAfSP5daA,Rossotiziano,Parrucchiere,"Via Barcellona, 17, 09124 Cagliari CA",070 754 2342,,4.8,54,OPERATIONAL,39.214271499999995,9.112878,hair_salon,100
ChIJh8MH8cI15xIRJSIShOq1zwo,Hair Queen di Zuddas Marianna,Parrucchiere,"Via Sebastiano Satta Poeta, 64/66, 09127 Cagliari CA",070 451 1605,,4.9,84,OPERATIONAL,39.2180067,9.1223609,hair_salon,100
ChIJG0-tnLg15xIR-MhQlLFfLTI,LA CLÉ SALON DE BEAUTÉ,Estetica,"Via Goffredo Mameli, 103, 09123 Cagliari CA",070 463 3178,,5,84,OPERATIONAL,39.2190407,9.108297799999999,beauty_salon,100
ChIJ18be73U05xIRrUXkX2ByHDI,Palestra Forma Kalaris,Palestra,"Via Stanislao Caboni, 7, 09125 Cagliari CA",070 307832,,4.7,272,OPERATIONAL,39.211329299999996,9.128222800000001,gym,100
ChIJQYwkQmw15xIRwKvQNaDM4OM,Gymnasium Cagliari Società Sportiva Dilettantistica,Palestra,"Via Goffredo Mameli, 166/a, 09123 Cagliari CA",328 364 1136,,5,85,OPERATIONAL,39.220917199999995,9.1048803,gym,100
ChIJ6dHhq_k15xIRP6lO4B0kKuI,Palestra Sportime '84 Cagliari,Palestra,"Via dei Falletti Fratelli, 1, 09121 Cagliari CA",348 306 9163,,4.6,165,OPERATIONAL,39.234535199999996,9.110835,gym,100
ChIJkTs6pW005xIRKiCq5XFE2Jk,L'Angolo abbigliamento Via Petrarca 21 Cagliari,Abbigliamento,"Via Francesco Petrarca, 21, 09128 Cagliari CA",070 496609,,4.7,44,OPERATIONAL,39.2232882,9.1268876,womens_clothing_store,95
ChIJ__-PaAw05xIRqB3SxtO1yaY,A Modo Nostro Cagliari,Abbigliamento,"Via Giuseppe Garibaldi, 212, 09125 Cagliari CA",070 653555,,4.4,29,OPERATIONAL,39.2179207,9.1197802,clothing_store,95
ChIJzVQp6Q405xIRPuF5wK5zjXA,La Bottega delle Meraviglie,Abbigliamento,"Via Alberto Lamarmora, 82, 09124 Cagliari CA",070 653020,,4.5,36,OPERATIONAL,39.21874580000001,9.116066199999999,clothing_store,95
ChIJ_ZWyUiI05xIRmfHPYU5qcn0,Moda Ligas Maria Grazia,Abbigliamento,"Via Is Mirrionis, 85, 09121 Cagliari CA",070 280201,,4.8,40,OPERATIONAL,39.2355965,9.109398200000001,clothing_store,95
ChIJRVYs6m005xIRasNw8MP8eec,SEMPREDONNA di Pilia Maria Assunta,Abbigliamento,"Via Giovanni Battista Pergolesi, 32, 09128 Cagliari CA",070 400163,,5,26,OPERATIONAL,39.2218525,9.1288619,womens_clothing_store,95
ChIJh1PCvwg05xIRUJ-HcGVv5vM,Vico B,Abbigliamento,"V. Giovanni Maria Dettori, 12, 09124 Cagliari CA",348 922 8619,,4.7,40,OPERATIONAL,39.2159429,9.113784899999999,clothing_store,95
ChIJLZcc_AU05xIR4jpP6ARWjpk,Bifulco Andrea,Scarpe,"Corso Vittorio Emanuele II, 52/54, 09124 Cagliari CA",070 653805,,4.8,46,OPERATIONAL,39.2177053,9.112023299999999,shoe_store,95
ChIJt2kC1Qc05xIRsIG_WZwSVPs,De Riso Calzature,Scarpe,"Via Lodovico Baylle, 23, 09124 Cagliari CA",070 662374,,4.9,31,OPERATIONAL,39.2147832,9.112314,shoe_store,95
ChIJwQLb6Aw05xIRYguYh1VKuZ8,Monik,Accessori moda,"Piazza Antonio Gramsci, 8, 09125 Cagliari CA",388 759 7562,,4.9,37,OPERATIONAL,39.215100299999996,9.119858299999999,store,95
ChIJrXQAnww05xIRWtkYda2e8MA,L'Arca Di Noe - Produzione Pelletteria,Accessori moda,"Via Salvatore Farina, 17, 09128 Cagliari CA",070 653600,,4.6,40,OPERATIONAL,39.2187257,9.122461399999999,store,95
ChIJLyau08k15xIRMJt20CaEU_o,ISTANBUL HAİRSTYLE,Parrucchiere,"Via Santa Margherita, 5A, 09124 Cagliari CA",344 423 5814,,4.9,30,OPERATIONAL,39.21835780000001,9.1137255,hair_salon,95
ChIJfacN9AU05xIREdHwpGcHDc4,Parrucchiere Garau Roberto,Parrucchiere,"Via Domenico Alberto Azuni, 86, 09124 Cagliari CA",070 655410,,4.9,37,OPERATIONAL,39.2184447,9.1120427,hair_salon,95
ChIJLbNkHwQ15xIRKyi4IXkY2iU,MC ESTETICA AVANZATA,Estetica,"Via XXIX Novembre 1847, 65, 09123 Cagliari CA",347 031 4415,,4.8,44,OPERATIONAL,39.2194478,9.1070926,beauty_salon,95
ChIJ9_rkQQY15xIRtwr4jicVrr4,Su.al. Centro Estetico,Estetica,"Piazza Galileo Galilei, 29, 09128 Cagliari CA",070 204 4053,,5,25,OPERATIONAL,39.2203516,9.1228342,beauty_salon,95
ChIJ7bFTgwY05xIRYAtJr5CZ54s,Evergreen - Palestra e Scuola di Danza,Palestra,"Via Maddalena, 32, 09124 Cagliari CA",070 668667,,4.1,40,OPERATIONAL,39.21742,9.10897,fitness_center,95
ChIJWwgt0FU15xIR5Fg_VfRDq2E,Francesca Lecca via Manno,Abbigliamento,"Via Giuseppe Manno, 96, 09124 Cagliari CA",070 462 7980,,4.8,13,OPERATIONAL,39.2169813,9.113639299999999,clothing_store,90
ChIJ8-I4tAg05xIRGdqpyXpUUbo,Inside,Abbigliamento,"P.za Yenne, 43, 09124 Cagliari CA",,,4.2,75,OPERATIONAL,39.217092799999996,9.113659,clothing_store,90
ChIJuf5_Dgk05xIRlRaTj-j6uR4,Paolo Illario Srl,Abbigliamento,"Piazza Martiri D'Italia, 2, 09124 Cagliari CA",070 653925,,4.9,12,OPERATIONAL,39.215502,9.1162233,clothing_store,90
ChIJXWH5Zwk05xIRJFAKuL-A3Jg,Ticalza Di Scalas Omar Cagliari,Scarpe,"Via Giuseppe Garibaldi, 6, 09125 Cagliari CA",070 663771,,4.4,15,OPERATIONAL,39.2157524,9.117283100000002,shoe_store,90
ChIJ_6ognXI05xIRftvvbT3nD4o,Naturalmente Flò,Scarpe,"Piazza S. Benedetto, 7, 09128 Cagliari CA",340 064 7366,,4.9,19,OPERATIONAL,39.2211467,9.125442,shoe_store,90
ChIJ19X-OAo05xIR2dc6s62VUj4,Alina,Bar,"Via Lanusei, 77, 09125 Cagliari CA",,,4.9,65,OPERATIONAL,39.213522,9.1191476,coffee_shop,90
ChIJfcgphQg05xIRYDlx39Iw0TA,Sweet Coffee,Bar,"Via Lodovico Baylle, 61, 09124 Cagliari CA",,,4.7,54,OPERATIONAL,39.2154357,9.112938999999999,coffee_shop,90
ChIJlfRn0gk05xIRifUueu5mJuA,Lithium Cafè,Bar,"V.le Regina Margherita, 4, 09123 Cagliari CA",,,4.4,287,OPERATIONAL,39.212630499999996,9.1152986,coffee_shop,90
ChIJV4yuBtw15xIRJvDRqJMCPso,Glamour Centro Estetico,Estetica,"Via Lanusei, 55, 09125 Cagliari CA",345 029 9435,,4.7,14,OPERATIONAL,39.2138217,9.1188668,beauty_salon,90
ChIJHRkTnBI05xIR6lvU5qLNKs0,Syncrony,Palestra,"Via Alessandro Manzoni, 73, 09128 Cagliari CA",070 754 1781,,4.6,19,OPERATIONAL,39.2221522,9.1216746,gym,90
ChIJFRJ64gk05xIR31C7RTk3KIA,Icone Cagliari,Abbigliamento,"Via XX Settembre, 1, 09125 Cagliari CA",070 680758,,5,8,OPERATIONAL,39.212012,9.117122,clothing_store,85
ChIJi4hm6wg05xIRIEHNpiolnro,LIPPI calzature,Scarpe,"V. Giovanni Maria Dettori, 3, 09124 Cagliari CA",070 656763,,4.8,6,OPERATIONAL,39.215608100000004,9.1142073,shoe_store,85
ChIJp9nf4ws05xIRKXqwHaG__R0,Patrizia Luxury Bags,Accessori moda,"Via Iglesias, 3, 09125 Cagliari CA",070 684 8619,,5,1,OPERATIONAL,39.215841399999995,9.1182561,store,85
ChIJgQf8lgY05xIRuEUA9gTQJQI,Patwary S.a.s. Cagliari,Accessori moda,"Via Maddalena, 22, 09123 Cagliari CA",331 349 5448,,4.7,3,OPERATIONAL,39.2169279,9.108461199999999,jewelry_store,85
ChIJA1mqfgg05xIRc7KlSdpVo-k,Al Ridi Cagliari,Accessori moda,"Via Sardegna, 57, 09124 Cagliari CA",070 757 3122,,4.5,8,OPERATIONAL,39.2145274,9.1127523,gift_shop,85
ChIJBZOck_ltiEcRm6dC3nYIHFw,Esteticamente Elvia Cagliari,Estetica,"Corso Vittorio Emanuele II, 75/A, 09124 Cagliari CA",070 663764,,4,1,OPERATIONAL,39.2180768,9.1117673,beauty_salon,85
ChIJ9cmUql415xIR9swX9vKI7hg,In Corpore Sano ASD Cagliari,Palestra,"Via Luigi Einaudi, 16, 09127 Cagliari CA",347 487 3138,,4.8,9,OPERATIONAL,39.216873199999995,9.120243,gym,85
ChIJpWtjXEY15xIR-PY_IBLkz78,Studio Dott. Marco Campagnola Consulente del Lavoro,Studio professionale,"Via Logudoro, 8, 09127 Cagliari CA",070 654354,,5,1,OPERATIONAL,39.214112400000005,9.120976400000002,service,85
ChIJUfIt7gY05xIRk_HdQc6DXjQ,Studio Professionale Ing. Roberto Chessa,Studio professionale,"Via Roma, 173, 09124 Cagliari CA",070 669264,,5,1,OPERATIONAL,39.216069,9.1089241,service,85
ChIJefpsFYgz5xIRB8S1aN4yDxc,Studio Pillai Monica - Consulente del Lavoro,Studio professionale,"Via dei Colombi, 20, 09126 Cagliari CA",070 301905,,5,4,OPERATIONAL,39.2094731,9.1332566,service,85
ChIJMSiatRY05xIR72kwnVhMjlU,Studio Associato Commercialisti Planta - Mele,Studio professionale,"Via Pasquale Cugia, 43, 09129 Cagliari CA",070 403242,,5,1,OPERATIONAL,39.215469399999996,9.129693699999999,consultant,85
ChIJt-Z9mvUz5xIR8XVAnFtcd_E,Studio Solinas,Studio professionale,"Viale Bonaria, 80, 09125 Cagliari CA",070 498155,,4.4,7,OPERATIONAL,39.211056,9.1197838,consultant,85
ChIJj5zzVAQ05xIRsgrA2_kujXc,Studio Murgia Mannella Dottori Commercialisti Associati,Studio professionale,"Via Palabanda, 12, 09123 Cagliari CA",070 649 0526,,5,1,OPERATIONAL,39.2198669,9.1095232,consultant,85
ChIJ5W9bLig15xIRIehz9hjY8R0,Boutique E Z,Abbigliamento,"Corso Vittorio Emanuele II, 09123 Cagliari CA",,,4,1,OPERATIONAL,39.219347,9.1094695,womens_clothing_store,75
ChIJ_zdczgc05xIRyUWfM5becIs,Idhia Cagliari,Scarpe,"Via Roma, 123-125, 09125 Cagliari CA",070 652865,,3.9,29,OPERATIONAL,39.2144615,9.111499700000001,shoe_store,75
ChIJ9YD24Q405xIRnPDZ3ICb6U0,Bar Gelateria 4 Mori,Gelateria,"Via Corte D'Appello, 35, 09124 Cagliari CA",,,3.9,290,OPERATIONAL,39.2188721,9.115179999999999,ice_cream_shop,70
ChIJoVPo4Ko15xIRJyBPUXnCnuc,Angez accessori,Accessori moda,"Via Enrico Toti, 173, 09134 Cagliari CA",347 731 6636,,0,0,OPERATIONAL,39.2498046,9.124503299999999,store,65
ChIJ77Gj7A405xIRnrvTlAgf9qA,Gelateria,Gelateria,"Piazza Carlo Alberto, 11, 09124 Cagliari CA",,,3.4,49,OPERATIONAL,39.2186898,9.116409899999999,ice_cream_shop,65
ChIJGYC7hnE05xIRYNMxV_3UjtQ,Studio Professionale Associato Boi Dott. Luigi & Usai Dott. Valerio,Studio professionale,"Via Giovanni Battista Tuveri, 33, 09129 Cagliari CA",070 403225,,0,0,OPERATIONAL,39.2190193,9.1293741,consultant,65
ChIJbb2tCgw05xIRgt0mNMtkUTo,ALLAN&DAYLE,Abbigliamento,"Via Giuseppe Garibaldi, 125, 09125 Cagliari CA",070 753 6897,https://www.allandayle.com/,4.8,253,OPERATIONAL,39.217108599999996,9.1194641,clothing_store,50
ChIJfTxPXgk05xIR-Oz3wNETPww,Donnapiu Fashion Cagliari,Abbigliamento,"Via Giuseppe Garibaldi, 25, 09125 Cagliari CA",346 947 9648,http://www.simonadonnapiu.com/,4.9,216,OPERATIONAL,39.2157951,9.117752,store,50
ChIJIzMBxQg05xIRhAU-OYlVKlw,Liu Jo,Abbigliamento,"Via Giuseppe Manno, 11, 09124 Cagliari CA",070 464 0647,https://stores.liujo.com/it/italia/cagliari/cagliari?utm_source=google&utm_medium=GMBSitelink&utm_campaign=GMBSitelink_Cagliari_F071,4.2,96,OPERATIONAL,39.2160069,9.1156113,womens_clothing_store,50
ChIJ32yg5Qs05xIRhURqvU4DjvA,AW LAB,Scarpe,"Via Giuseppe Garibaldi, 55/57/59, 09125 Cagliari CA",070 334 1248,http://www.aw-lab.com/,4.5,84,OPERATIONAL,39.2161222,9.1185507,shoe_store,50
ChIJqVA473I05xIRXmwN6rqfxdg,Maryella Calzature,Scarpe,"Via Dante Alighieri, 63/C, 09128 Cagliari CA",392 276 1885,https://www.maryellacalzature.it/,4.8,66,OPERATIONAL,39.2197426,9.1252531,shoe_store,50
ChIJ95yacgw05xIRkiCgSXvD6rE,Foot Locker,Scarpe,"Via Giuseppe Garibaldi, 145, 09127 Cagliari CA",070 804 6454,https://stores.footlocker.it/it/it-88/cagliari/via-garibaldi-145-492_31_06501.html,4.1,471,OPERATIONAL,39.2174733,9.1196611,shoe_store,50
ChIJodHhL3M05xIR_WriAx0aRxc,Calzature Running The Runaway,Scarpe,"Via Salvatore Farina, 44, 09128 Cagliari CA",339 587 9693,https://www.facebook.com/NegozioPerLaCorsa/?fref=ts,4.9,183,OPERATIONAL,39.2184593,9.1240972,sporting_goods_store,50
ChIJEWTuyU405xIRhyFXuis97HU,Wadel S.r.l.,Scarpe,"Via Giovanni Battista Venturi, 2, 09134 Cagliari CA",070 44229,https://wadelonline.com/,4,2943,OPERATIONAL,39.2366089,9.1406548,shoe_store,50
ChIJgT7jTT405xIRyOjT8POoHkQ,GLOBO Cagliari,Scarpe,"Via dei Valenzani, 09131 Cagliari CA",070 520525,http://www.globomoda.com/,4,2607,OPERATIONAL,39.236107,9.121497,shoe_store,50
ChIJ4dcwXwk05xIRcPbaOeXRmxo,"Paul's Bags Valigeria Pelletteria Accessori moda, Vendita e Assistenza solo per i clienti",Accessori moda,"Via Giuseppe Garibaldi, 28, 09125 Cagliari CA",070 649 9615,http://www.paulsbags.it/,4.9,86,OPERATIONAL,39.2159556,9.117733699999999,store,50
ChIJV47E6ws05xIRoY0fkAMe684,Vintage Fashion di Patrizia Garau,Accessori moda,"Via Giuseppe Garibaldi, 100, 09125 Cagliari CA",348 766 9590,https://www.vintagefashioncagliari.it/,4.9,109,OPERATIONAL,39.216305399999996,9.1185404,store,50
ChIJW1kS09Y05xIR6GwXTOSl88E,Scelto per te l'usato si fa chic,Accessori moda,"Via Antonio Lo Frasso, 13/1^ piano, 09127 Cagliari CA",377 306 6939,https://www.sceltoperte.store/,4.8,200,OPERATIONAL,39.2165239,9.1232559,store,50
ChIJV4oKySI05xIRzhlSQ-B6Fx0,Andrea Onali & Associati - Metodo Soldhouse,Immobiliare,"Via Santa Margherita, 09124 Cagliari CA",070 252097,https://metodosoldhouse.it/,4.9,130,OPERATIONAL,39.2183705,9.1137239,real_estate_agency,50
ChIJ2dErtlMGQBMR_4yx9g-hzbk,Agenzia Immobiliare Toscano Cagliari Centro,Immobiliare,"Via Sidney Sonnino, 78/80, 09125 Cagliari CA",070 60571,https://www.toscano.it/comune-cagliari/centro-cagliari-?utm_source=google&utm_medium=places&utm_campaign=Google+My+Business#agenzia,4.8,166,OPERATIONAL,39.2131836,9.119221699999999,real_estate_agency,50
ChIJLaTo_Qo05xIRrfleMoRVG88,ANTHAS - Agenzia Immobiliare Cagliari - Case Vendita - Case Cagliari - Case Assemini - Case Elmas,Immobiliare,"Via Logudoro, 12, 09127 Cagliari CA",070 640 2299,http://www.anthasimmobiliare.it/,5,178,OPERATIONAL,39.214089099999995,9.1210407,real_estate_agency,50
ChIJUwETVKY15xIRUIZJ8hW5xk8,EasyImmobiliare.it Cagliari,Immobiliare,"Piazza Giuseppe Garibaldi, 16, 09127 Cagliari CA",070 489894,http://www.easyimmobiliare.it/,5,56,OPERATIONAL,39.2192576,9.1222168,real_estate_agency,50
ChIJGWGhcnQ05xIRc_c28e-2mBk,Soimm | Lo Studio Immobiliare - Cagliari,Immobiliare,"Via Amat Luigi Cardinale, 3, 09129 Cagliari CA",070 684230,https://soimm.com/,4.8,345,OPERATIONAL,39.215311899999996,9.1276871,real_estate_agency,50
ChIJ9c_J-BM05xIRrULOwO-BVIA,Agenzia Semplicemente Casa immobiliare Cagliari,Immobiliare,"Piazza John Fitzgerald Kennedy, 1c, 09127 Cagliari CA",346 709 3522,http://www.semplicemente-casa.com/,4.8,67,OPERATIONAL,39.2270979,9.1183258,real_estate_agency,50
ChIJkbztxQU05xIR992my8XsFIM,Agenzia Immobiliare Tecnocasa Cagliari - Punici,Immobiliare,"Corso Vittorio Emanuele II, 127/129, 09124 Cagliari CA",070 099 1236,https://cagliari8.tecnocasa.it/,4.8,96,OPERATIONAL,39.2185018,9.1103892,real_estate_agency,50
ChIJK87AYm005xIRZs9gv2HzBk8,Tempocasa Cagliari San Benedetto,Immobiliare,"Via Dante Alighieri, 120A, 09128 Cagliari CA",070 732 3459,https://tempocasa.it/it/agenzie-immobiliari/cagliari/cagliari/822-cagliari-san-benedetto,4.8,289,OPERATIONAL,39.2221463,9.12492,real_estate_agency,50
ChIJ5x3Uqgg15xIRhykkf3cN52w,Eminas Immobiliare,Immobiliare,"Via Goffredo Mameli, 2, 09123 Cagliari CA",340 246 2046,http://www.eminasimmobiliare.it/,5,51,OPERATIONAL,39.2170904,9.111729799999999,real_estate_agency,50
ChIJ76cokPY75xIRXdTfmzMrh1s,Barteloni&Piras,Immobiliare,"Via Giuseppe Abba, 53, 09127 Cagliari CA",352 083 1315,https://www.bartelonipiras.com/,4.9,159,OPERATIONAL,39.217311099999996,9.1198762,real_estate_agency,50
ChIJPVk_qxc05xIR9QbOJL52F6g,Cagliari Immobiliare,Immobiliare,"Via Istria, 19, 09127 Cagliari CA",346 944 1223,https://www.cagliari-immobiliare.it/,4.9,61,OPERATIONAL,39.2303663,9.1150822,real_estate_agency,50
ChIJx7I_fyc15xIRzlWteZffyrw,IMOBILIANDO- Agenzia immobiliare Cagliari,Immobiliare,"Agenzia immobiliare, Via della Pineta, 4, 09125 Cagliari CA",070 705 0068,https://www.imobiliando.it/,4.9,127,OPERATIONAL,39.212646,9.130298,real_estate_agency,50
ChIJrdxPv5015xIRCCYkJCqdSmk,P&S Property & Sales Intermediazioni Immobiliari,Immobiliare,"Viale Regina Elena, 17, 09124 Cagliari CA",070 459 8169,http://www.pesintermediazioni.it/,4.9,84,OPERATIONAL,39.2162693,9.1171756,real_estate_agency,50
ChIJBRJURbg15xIRH0Cu8Qnu8CA,Kremet Gelateria,Gelateria,"P.za Yenne, 22, 09124 Cagliari CA",391 327 4882,http://www.kremet.it/,4.7,1304,OPERATIONAL,39.2177025,9.113890399999999,ice_cream_shop,50
ChIJhWUtLAg05xIRkS_RlVo4Gr0,Gelateria PeterPan,Gelateria,"Via Roma, 1, 09125 Cagliari CA",070 658900,http://www.gelateriapeterpan.com/,4.5,4023,OPERATIONAL,39.2125175,9.1151745,ice_cream_shop,50
ChIJ8c2GfQg05xIRwVC-V4BM7AU,Vaniglia e Pistacchio,Gelateria,"Via Napoli, 30, 09124 Cagliari CA",393 880 4997,https://m.facebook.com/GELATERIAVANIGLIAEPISTACCHIO/?locale2=it_IT,4.6,929,OPERATIONAL,39.2147305,9.1127717,ice_cream_shop,50
ChIJGzRjvJk15xIRDmL5c-HBNX0,Gelatificio di Federico,Gelateria,"Corso Vittorio Emanuele II, 185, 09123 Cagliari CA",392 179 9421,https://instagram.com/gelatificio_di_federico?igshid=MzNlNGNkZWQ4Mg==%20https://www.facebook.com/GeoGelatodaFederico/,4.8,447,OPERATIONAL,39.2189598,9.1099243,ice_cream_shop,50
ChIJQ4vvtS815xIRiW-rqhnVVJY,Vittorino - Il Gelato Artigianale,Gelateria,"Corso Vittorio Emanuele II, 27, 09123 Cagliari CA",070 098 6349,http://www.gelateriavittorino.it/,4.6,174,OPERATIONAL,39.2178296,9.1126431,ice_cream_shop,50
ChIJVXg49gw05xIR-IFasmx_7Lg,INTENSO,Gelateria,"Piazza Giuseppe Garibaldi, 46, 09127 Cagliari CA",070 204 8288,http://www.intensogelateria.com/,4.6,1198,OPERATIONAL,39.2184628,9.1208376,ice_cream_shop,50
ChIJuVUgs0M15xIRXit9nUg_ayQ,I Fenu gelateria e pasticceria,Gelateria,"Piazza Galileo Galilei, 35, 09128 Cagliari CA",070 465 5045,https://www.ifenu.it/,4.7,1387,OPERATIONAL,39.2201583,9.1226103,ice_cream_shop,50
ChIJCXDskws05xIRYntMGukMDNo,Bobocono,Gelateria,"Via Iglesias, 39, 09127 Cagliari CA",070 451 3125,http://www.bobocono.com/,4.5,573,OPERATIONAL,39.2157215,9.1196383,ice_cream_shop,50
ChIJORIcanM05xIRqMAK1SgOOSs,Gelateria Chiccheria Cagliari,Gelateria,"Via Dante Alighieri, 5A, 09128 Cagliari CA",070 649 5574,http://www.chiccheria.com/,4.8,386,OPERATIONAL,39.217365199999996,9.1250695,ice_cream_shop,50
ChIJ-3rETgQ05xIRYTiZjS564og,Il Gelato Aresu,Gelateria,"Via Vincenzo Monti, 58, 09128 Cagliari CA",366 527 1048,https://www.ilgelatoaresu.it/,4.7,356,OPERATIONAL,39.2222781,9.1225915,ice_cream_shop,50
ChIJhzJPcHA15xIRqrnHtD5oZTY,GELATERIA PETER PAN VIA DANTE,Gelateria,"Via Dante Alighieri, 83b, 09127 Cagliari CA",070 658900,http://www.gelateriapeterpan.com/,4.5,204,OPERATIONAL,39.221968499999996,9.125237799999999,ice_cream_shop,50
ChIJcQq_eAg05xIRyUW30MTU3QM,Su Cumbidu,Ristorante,"Via Napoli, 13, 09124 Cagliari CA",070 670712,https://www.sucumbiduterra.com/,4.2,6106,OPERATIONAL,39.2143604,9.1125373,italian_restaurant,50
ChIJO7njcQY05xIRIctdhMfFRak,Sa Domu Sarda,Ristorante,"Via Sassari, 51, 09124 Cagliari CA",070 653400,http://www.osteriasadomusarda.it/,4.6,4430,OPERATIONAL,39.2169583,9.1106194,italian_restaurant,50
ChIJNS84CQM15xIR3quR7KBCs7U,Impasto,Ristorante,"V. Savoia, 4, 09124 Cagliari CA",070 653321,http://www.impasto.me/,4.5,3419,OPERATIONAL,39.2159948,9.1134177,italian_restaurant,50
ChIJMTrqagg05xIRFTar5nVpxp8,Locanda Leonildo dal Buongustaio,Ristorante,"Via Concezione, n. 7, 09124 Cagliari CA",070 459 8763,https://locandaleonildo.com/?nab=0,4.6,362,OPERATIONAL,39.213569299999996,9.1139142,seafood_restaurant,50
ChIJL-WY8oY15xIREvrKLRj0oSE,Panefratteria Cagliari,Ristorante,"Via Domenico Alberto Azuni, 40, 09124 Cagliari CA",070 1525 0214,https://www.panefratteriacagliari.it/,4.8,624,OPERATIONAL,39.2182114,9.1129523,restaurant,50
ChIJm5OlUw805xIR1pLOvs4iwns,Corso Dodici,Ristorante,"Corso Vittorio Emanuele II, 12, 09124 Cagliari CA",070 665696,http://www.corsododici.it/,4.2,1266,OPERATIONAL,39.217436899999996,9.1128913,italian_restaurant,50
ChIJnz01bgk05xIRyqttbQMoxGU,Nerocarbone – Ristorante alla brace a Cagliari,Ristorante,"Piazza Costituzione, 20, 09125 Cagliari CA",070 451 7413,https://nerocarbone.shop/,4.4,588,OPERATIONAL,39.2152173,9.1170806,restaurant,50
ChIJ57_g6AU15xIR527kScKQCKs,Antica Cagliari Bistrot,Ristorante,"Via Sardegna, 63, 09124 Cagliari CA",070 662405,http://www.anticacagliari.it/,4.6,380,OPERATIONAL,39.214462999999995,9.1128229,restaurant,50
ChIJT8T7fgg05xIRxByhsefdKDI,Antica Cagliari Ristorante,Ristorante,"Via Sardegna, 49, 09124 Cagliari CA",070 734 0198,http://www.anticacagliari.it/,4.4,5004,OPERATIONAL,39.2146111,9.112436299999999,restaurant,50
ChIJwfbtmQs05xIR7UL2-pLQZK4,La Caravella,Ristorante,"Piazza Antonio Gramsci, 21, 09127 Cagliari CA",070 654076,http://www.lacaravellacagliari.it/,4.4,1107,OPERATIONAL,39.215838,9.1201106,pizza_restaurant,50
ChIJ91VgxKw15xIRliWJnRjmaGI,Da Maria Ristorante,Ristorante,"Via Lodovico Baylle, 53, 09124 Cagliari CA",327 689 7874,https://grmenu.com/damariaristorantecagliari,4.4,153,OPERATIONAL,39.215263799999995,9.1127399,restaurant,50
ChIJBw3lzQ405xIRGaI1AejuaQY,La Taverna di Castello,Ristorante,"Via Barcellona, 45, 09124 Cagliari CA",070 311 0056,https://www.facebook.com/latavernadicastello/?rf=602347786490658,4.6,746,OPERATIONAL,39.2145437,9.1131723,restaurant,50
ChIJh6eWVA805xIRg4Bk6sUI3FU,Taccas,Ristorante,"Corso Vittorio Emanuele II, 22, 09124 Cagliari CA",070 665839,https://www.instagram.com/taccas?utm_source=ig_web_button_share_sheet&igsh=ZDNlZDc0MzIxNw==,4,2213,OPERATIONAL,39.2175185,9.1126948,italian_restaurant,50
ChIJy1rRSgQ05xIRV7UsTu0hqMY,Mari Mannu,Ristorante,"Corso Vittorio Emanuele II, 206, 09123 Cagliari CA",389 580 4951,http://www.ristorantemarimannu.it/,4.6,1249,OPERATIONAL,39.2190891,9.1096174,seafood_restaurant,50
ChIJiZ41Wwg05xIRsCAzdugnYZE,Antica Hostaria,Ristorante,"Via Cavour, 60, 09124 Cagliari CA",070 665870,http://www.anticahostaria.it/,4.2,1103,OPERATIONAL,39.2143249,9.1136675,restaurant,50
ChIJL3tHRQQ05xIRqAFIfhcbu78,Framento,Pizzeria,"Corso Vittorio Emanuele II, 94, 09123 Cagliari CA",070 667 0370,http://dijef.com/framento-pizzeria,4.3,2714,OPERATIONAL,39.218198699999995,9.1109651,pizza_restaurant,50
ChIJCzT9mw405xIR0HdoEA1SdIQ,Terrapieno Cagliari,Pizzeria,"Viale Regina Elena, 14, 09124 Cagliari CA",070 000 0000,http://www.terrapieno.it/,4.1,615,OPERATIONAL,39.2189865,9.1177005,bistro,50
ChIJu0AXOWQ15xIRrg6Uerh6Tw0,Napul'é - Pizzeria Napoletana,Pizzeria,"Corso Vittorio Emanuele II, 95/a, 09124 Cagliari CA",070 668518,https://reservation.dish.co/widget/hydra-62bce3e0-bb43-11e9-8e8f-39b005ee3414,4.4,1529,OPERATIONAL,39.2182192,9.1113296,pizza_restaurant,50
ChIJFeuB0gk05xIR2Z97O_NKpPY,Civico 8,Pizzeria,"V.le Regina Margherita, 8, 09125 Cagliari CA",070 658341,http://www.civicootto.it/,4.5,1480,OPERATIONAL,39.2126878,9.115273,pizza_restaurant,50
ChIJ16lTQw015xIRzk6qqBkI1vU,La Lira - Pizzeria Bisteccheria,Pizzeria,"Viale la Plaia, 18, 09123 Cagliari CA",070 649 6042,https://www.laliracagliari.it/,4.6,1031,OPERATIONAL,39.2143977,9.1068494,restaurant,50
ChIJsfZYZAk05xIRodond-398zI,Pizzeria Mamma mia,Pizzeria,"Via Vincenzo Sulis, 4, 09124 Cagliari CA",070 649 0761,https://www.mammamiacagliari.it/,4.5,643,OPERATIONAL,39.215878,9.117064899999999,pizza_restaurant,50
ChIJE5ns3A815xIROZAz-JIKRfI,Caprizza Cagliari,Pizzeria,"Via Roma, 75, 09124 Cagliari CA",070 592 5327,https://www.caprizza.it/,4.2,1994,OPERATIONAL,39.213830300000005,9.1129296,pizza_restaurant,50
ChIJq1i_2ik15xIRTttw2yNnH5o,Zero Gravity Cagliari - La Pizza Contemporanea Cucinata Come un Piatto Gourmet,Pizzeria,"Via Sassari, 11, 09124 Cagliari CA",349 887 4171,http://www.zerogravitycagliari.it/,4.7,531,OPERATIONAL,39.215897999999996,9.1096038,pizza_restaurant,50
ChIJs26ufAg05xIRiIyi6sb9edg,Da Tonio 2.0 Pizza & Food,Pizzeria,"Via Barcellona, 2, 09124 Cagliari CA",070 670863,http://www.datoniopizzaefood.it/,4.2,1503,OPERATIONAL,39.2141866,9.1127085,pizza_restaurant,50
ChIJ21fZMAo05xIRoQGd0ko_mnM,Pizzeria Floris,Pizzeria,"Via Lanusei, 59, 09125 Cagliari CA",070 757 6691,https://www.tripadvisor.it/Restaurant_Review-g187881-d4736095-Reviews-Pizzeria_Floris-Cagliari_Province_of_Cagliari_Sardinia.html,4.6,420,OPERATIONAL,39.2137771,9.1188327,pizza_restaurant,50
ChIJ8em-glE15xIRthwunkzVWXE,Babay,Pizzeria,"Via Giovanni Maria Angioy, 47, 09124 Cagliari CA",347 691 8176,https://babaycagliari.it/,4.8,442,OPERATIONAL,39.2164382,9.1116323,pizza_restaurant,50
ChIJb33vUwQ05xIRFauSqoPuBZM,Sciuè Sciuè,Pizzeria,"Via de S'Ecca Manna, 09123 Cagliari CA",070 234 7102,https://www.instagram.com/sciuesciuepizzeriacagliari/,4.4,1141,OPERATIONAL,39.2202033,9.1085376,pizza_restaurant,50
ChIJ8WLYNQY05xIRyJj5AdQueUI,Caffè Svizzero Cagliari,Bar,"Largo Carlo Felice, 6, 09124 Cagliari CA",376 100 9928,https://caffesvizzerocagliari.shop/,4.1,1241,OPERATIONAL,39.215465099999996,9.1111241,cafe,50
ChIJXWCB2Ag05xIRAvkwzjW7iaY,La Piccola Caffetteria Ristorante,Bar,"Via Gaetano Cima, 5/7, 09124 Cagliari CA",347 171 9066,https://www.facebook.com/lapiccolacaffetteriacagliari/,4.4,1031,OPERATIONAL,39.2161638,9.1153999,coffee_shop,50
ChIJ8cZfzAA05xIRil8jqmiZDtU,Cafè 24,Bar,"Viale la Plaia, 24, 09123 Cagliari CA",320 473 5798,https://www.facebook.com/cafe24cagliari,4.7,164,OPERATIONAL,39.2144385,9.1067132,coffee_shop,50
ChIJF1suEgk05xIRvA9fBIFOY7U,La Bottega dello Stile,Parrucchiere,"V.le Regina Margherita, 58, 09125 Cagliari CA",070 667 0224,http://www.labottegadellostile.com/,4.8,697,OPERATIONAL,39.21532440000001,9.1166957,hair_salon,50
ChIJCZuzkwM05xIR9oiKG89iIcg,Studio Donna Parrucchieri Estetica consulenti di Bellezza,Parrucchiere,"Piazza del Carmine, 23, 09124 Cagliari CA",070 640 2265,http://studiodonnacagliari.it/,4.9,102,OPERATIONAL,39.2166748,9.108611699999999,hair_salon,50
ChIJx3w-ugw05xIRO7DEstyMxMo,TONI&GUY Cagliari,Parrucchiere,"Via Alghero, 36A, 09127 Cagliari CA",320 323 2014,https://toniandguy.it/salon/cagliari/,4.9,500,OPERATIONAL,39.2176225,9.122679699999999,hair_salon,50
ChIJM6B4TwQ05xIRTZr1aTSk2ms,RECUT Parrucchieri - Corso,Parrucchiere,"Corso Vittorio Emanuele II, 250, 09123 Cagliari CA",070 653198,http://www.re-cut.it/,4.7,210,OPERATIONAL,39.219415999999995,9.108962,hair_salon,50
ChIJrXYuZgY05xIRvuIfswBkAAM,Stile Dei Fratelli Lorrai Snc - Cagliari,Parrucchiere,"Piazza del Carmine, 7, 09123 Cagliari CA",070 663656,https://hair.center.ivof.com/stile-dei-fratelli-lorrai-snc/,4.8,155,OPERATIONAL,39.21636300000001,9.109202699999999,hair_salon,50
ChIJEZIvmAM05xIRRxGG1MKGNUA,Max Professional Hair Stylist,Parrucchiere,"Via Carloforte, 62, 09123 Cagliari CA",070 680882,https://www.facebook.com/Max.Professional.Hair.Stylist,4.8,66,OPERATIONAL,39.2195695,9.1068068,hair_salon,50
ChIJBUf6cQY05xIRFjF7_wal64k,Rise Up Hair & Beauty Cagliari - Tratalias,Parrucchiere,"Via Sassari, 53, 09124 Cagliari CA",070 095 1774,https://www.instagram.com/rise_up_hair/,4.9,254,OPERATIONAL,39.216977,9.1106572,hair_salon,50
ChIJeUtpftY15xIR0nfbOw7YAWw,Beautycut52 Via Alghero 10,Parrucchiere,"Via Alghero, 10, 09127 Cagliari CA",391 344 8748,https://beauty52.it/,4.8,58,OPERATIONAL,39.2182752,9.121037099999999,hair_salon,50
ChIJoSU3z3I05xIRonWyWRQtte8,ELIXHAIR Cagliari | Ricostruzione e Cura dei Capelli,Parrucchiere,"Via Pasquale Tola, 5, 09128 Cagliari CA",070 349 5247,https://elixhair.it/?utm_source=google&utm_medium=profile,4.9,869,OPERATIONAL,39.219839199999996,9.1241927,hair_salon,50
ChIJ05hPoW405xIROHo20bZ1aeM,RC Hair Studio-Roberto Casu,Parrucchiere,"Via Lanusei, 61, 09125 Cagliari CA",070 482615,http://www.robertocasu.it/,4.8,105,OPERATIONAL,39.213792999999995,9.118910999999999,hair_salon,50
ChIJJWLXQwg05xIRO5UwsTkAXBI,Parrucchiere Dani | Creative Hairstyling,Parrucchiere,"Via Sardegna, 92, 09124 Cagliari CA",070 669382,http://www.daniparrucchieri.com/,4.7,156,OPERATIONAL,39.2137077,9.114132399999999,hair_salon,50
ChIJqxdUEww05xIRg5xZhDNh_ss,A&F Style,Parrucchiere,"P.za Yenne, 10, 09127 Cagliari CA",070 651255,http://www.afstyleparrucchiericagliari.it/,4.7,191,OPERATIONAL,39.2179832,9.1137886,hair_salon,50
ChIJbUd8hTo15xIRyDipjqtW2Uw,RECUT Parrucchieri - San Domenico,Parrucchiere,"Via S. Domenico, 30, 09127 Cagliari CA",070 734 6280,https://linktr.ee/recutparruccchieri,4.8,51,OPERATIONAL,39.2176907,9.1191244,hair_salon,50
ChIJC5XPS8015xIRQmL243OoNUM,AC Studio | Parrucchiere Uomo Cagliari,Parrucchiere,"Corso Vittorio Emanuele II, 382, 09123 Cagliari CA",351 864 8080,https://acstudiocagliari.it/,5,103,OPERATIONAL,39.2205605,9.1070628,hair_salon,50
ChIJZ4QlAQY15xIR6U1Ncbe-K4g,La Bottega Dello Stile,Parrucchiere,"Via Enrico Pessina, 3, 09125 Cagliari CA",070 592 1688,http://www.labottegadellostile.com/,4.9,297,OPERATIONAL,39.2156764,9.1264357,hair_salon,50
ChIJq17oNtw05xIRkAAmqAumV5w,Beauty Clinic Estetica Sartoriale,Estetica,"V.le Regina Margherita, 77, 09124 Cagliari CA",346 094 0300,http://www.beautyclinicstore.com/,4.7,363,OPERATIONAL,39.2146383,9.1171165,medical_clinic,50
ChIJHfxjhwU15xIRh6-bFXHeqvo,The Circle Beauty & Wellness,Estetica,"Via Sidney Sonnino, 62, 09125 Cagliari CA",348 001 7922,https://www.thecirclebeauty.it/,4.9,127,OPERATIONAL,39.2128939,9.1191556,beauty_salon,50
ChIJowG1P3Q05xIRmHTSdjP8_I0,Centro Estetico Morena,Estetica,"Via Enrico Pessina, 12, 09125 Cagliari CA",070 800 1828,https://centroesteticomorena.it/,4.8,428,OPERATIONAL,39.2148889,9.1279399,beauty_salon,50
ChIJ__9DdvUz5xIRcXrpXXNb5Kg,Zavyta Cagliari,Estetica,"Viale Bonaria, 106, 09125 Cagliari CA",070 670394,http://www.zavyta.it/,4.6,182,OPERATIONAL,39.2108,9.120842999999999,beauty_salon,50
ChIJM3YQA6E25xIRVyac9r1Tsg8,Magia Di Venere Centro Estetico,Estetica,"Pza L'Unione Sarda, 4, 09122 Cagliari CA",070 757 3530,http://www.magiadivenere.it/,4.8,344,OPERATIONAL,39.2268101,9.098766099999999,beauty_salon,50
ChIJT7x9mhY05xIR8Vaqq__d2hI,Ricostruzione unghie Cagliari | Centro Estetico | Carla Nails,Estetica,"Via Logudoro, 38, 09127 Cagliari CA",340 653 0831,http://www.centroesteticocagliari.it/,4.5,149,OPERATIONAL,39.2139986,9.1216473,nail_salon,50
ChIJ4fJ1cFA15xIR51uxQiVS3Bg,Elegant Nails Centro Estetico - Profumeria Artistica e di Nicchia,Estetica,"Corso Vittorio Emanuele II, 334, 09123 Cagliari CA",070 727 4051,https://elegantnailscagliari.com/,5,140,OPERATIONAL,39.2201233,9.1075701,beauty_salon,50
ChIJ23vMPIYz5xIRb5kuWvkJa-0,MANÙ - Centro Estetico Cagliari,Estetica,"Via Macerata, 2, 09126 Cagliari CA",328 311 7541,https://centroesteticomanu.it/,4.9,308,OPERATIONAL,39.2066574,9.135312899999999,service,50
ChIJI0i_fA005xIRuAmGIQ6g2GU,CLoè,Estetica,"Via Ottone Bacaredda, 64A, 09127 Cagliari CA",371 353 1345,https://www.facebook.com/CLoecentroestetico/,4.9,63,OPERATIONAL,39.2216495,9.1213374,beauty_salon,50
ChIJvaPf0nM05xIRWwvwY29AAOc,Musa Centro Estetico,Estetica,"Via Giovanni Battista Tuveri, 26, 09129 Cagliari CA",070 756 5673,http://www.musacentroestetico.it/,4.7,115,OPERATIONAL,39.217556900000005,9.1265974,beauty_salon,50
ChIJC3Zwjgo05xIRZ5jMpgI9hxc,Light - Beauty & Solarium Cagliari,Estetica,"Via Nuoro, 29, 09125 Cagliari CA",070 311 0059,https://www.lightcagliari.com/,4.8,54,OPERATIONAL,39.212531899999995,9.121278799999999,beauty_salon,50
ChIJcQuLKHw15xIRP6gJwROx0wU,Centro Estetico Urban Growl,Estetica,"Via Alessandro Manzoni, 47, 09128 Cagliari CA",366 875 7121,http://www.urbanbeauty.it/,4.9,95,OPERATIONAL,39.2220054,9.1224711,beauty_salon,50
ChIJ-WYN-3Q05xIRK7JCPf1IJIM,Palestra Athlon,Palestra,"Via Gianquinto de Gioannis, 1, 09125 Cagliari CA",070 344041,http://www.athlonsport.it/,4.7,319,OPERATIONAL,39.2138213,9.1244335,gym,50
ChIJe1FrBFs15xIRkzD3nyxAZpQ,Palestra Urban Club,Palestra,"Via Pasquale Paoli, 30B, 09128 Cagliari CA",351 797 6967,http://www.urbanclub.me/,4.4,88,OPERATIONAL,39.220817499999995,9.123681999999999,gym,50
ChIJMV5AElY15xIR3vWjUDHlvUE,FitActive Cagliari Viale Marconi,Palestra,"Via Giovanni Battista Venturi, 2, 09131 Cagliari CA",070 649 4025,https://www.fitactive.it/,4.9,491,OPERATIONAL,39.2365719,9.1405131,gym,50
ChIJc2D9CBc05xIRUny3rWrKGUw,Fit Time Roby,Palestra,"Via Lombardia, 45C, 09127 Cagliari CA",070 494595,https://www.fittimeroby.it/,4.5,82,OPERATIONAL,39.2301174,9.1142556,gym,50
ChIJC3mgMj805xIRqyLGnV95Eow,Falcon Fitness Palestra Cagliari,Palestra,"Via dei Carroz, 10, 09131 Cagliari CA",070 459 9973,https://www.falconfitness.net/,4.5,342,OPERATIONAL,39.23834,9.1213127,gym,50
ChIJcylsZzc05xIRqiJ5aNVLDj8,FERRARI GYM,Palestra,"Via Montecassino, 58, 09134 Cagliari CA",070 521912,http://www.ferrarigym.it/,4.8,195,OPERATIONAL,39.2425855,9.1187478,gym,50
ChIJUcLFkyI35xIRdpcs0ffGnqE,FitUP Cagliari Elmas,Palestra,"Viale Elmas, 24, 09122 Cagliari CA",070 705 0490,https://fitup.it/,4.9,210,OPERATIONAL,39.235164,9.0956177,gym,50
ChIJ4-KDsLg35xIRB02Dkp_0N7Q,FitActive Cagliari Viale Elmas,Palestra,"Viale Elmas, 151/b, 09122 Cagliari CA",070 583 0661,https://www.fitactive.it/i-club/cagliari-viale-elmas.php,4.8,769,OPERATIONAL,39.2477984,9.0870055,fitness_center,50
ChIJETvT1gw05xIR1l8StYxZo9Y,Liberty piscina e palestra,Palestra,"Via Sebastiano Satta Poeta, 88, 09128 Cagliari CA",070 402416,https://www.facebook.com/Libertycagliari,4.4,61,OPERATIONAL,39.2189336,9.122960899999999,fitness_center,50
ChIJYxRwrm415xIRv7zRZtT64B0,Blocco 13 Fitness & Sport,Palestra,"Via Sant'Anania, 5, 09129 Cagliari CA",393 726 5580,http://www.facebook.com/blocco13,4.8,67,OPERATIONAL,39.2217711,9.1353029,gym,50
ChIJ_XosNQwz5xIRwSvgVv1zBHE,Studio Salaris Dottore Commercialista e Revisore Contabile,Studio professionale,"Via Palabanda, 12, 09123 Cagliari CA",347 301 3425,https://www.studiosalaris.net/,4.9,94,OPERATIONAL,39.2198601,9.1095829,consultant,50
ChIJe4U-Xwk05xIRqbzspv_O6Ss,Martina Boutique,Abbigliamento,"Via Giuseppe Garibaldi, 30, 09125 Cagliari CA",351 835 9325,http://www.martinaboutiqueshop.com/,4.5,26,OPERATIONAL,39.2159468,9.1178324,womens_clothing_store,45
ChIJH5U30Rg15xIRCnLA00XdmC8,Big Thunder - Vintage & Coffee,Abbigliamento,"Via Giuseppe Mazzini, 36, 09125 Cagliari CA",349 697 3226,https://www.instagram.com/bigthundershop,5,41,OPERATIONAL,39.2161261,9.1156498,clothing_store,45
ChIJnyMm6Qs05xIRzq_2-987sFQ,ETICANDO moda etica e sostenibile,Abbigliamento,"Via Giuseppe Garibaldi, 236, 09127 Cagliari CA",070 465 6047,https://eticando.com/,4.8,35,OPERATIONAL,39.2182181,9.120282399999999,clothing_store,45
ChIJbb2tCgw05xIR_D5yp623Eq4,Paso Doble Calzature,Scarpe,"Via Giuseppe Garibaldi, 164, 09127 Cagliari CA",070 654939,https://pasodobleshop.it/,4.8,47,OPERATIONAL,39.2172249,9.1193277,shoe_store,45
ChIJ0WAL4XI05xIRq9Ns1ubtvcE,Nika Calzature,Scarpe,"Via Ottone Bacaredda, 180, 09127 Cagliari CA",070 488483,http://www.nikacalzature.com/,4.2,23,OPERATIONAL,39.2282994,9.1200592,shoe_store,45
ChIJbRyYshI05xIRb9pOSTIq3S4,Virdis Calzature dal 1960,Scarpe,"Via Tiziano, 24, 09128 Cagliari CA",070 490815,http://www.virdiscalzature.it/,4.2,47,OPERATIONAL,39.2223659,9.123482899999999,shoe_store,45
ChIJnSia4KE15xIRTjD9-TFcPuY,Vestopazzo Cagliari Piazza Martiri,Accessori moda,"Piazza Martiri D'Italia, 5, 09124 Cagliari CA",070 465 5599,https://stores.vestopazzo.it/it/italia/sardegna/cagliari/cagliari?utm_source=google&utm_medium=GMBSitelink&utm_campaign=GMBSitelink_Cagliari_IU21,4.3,30,OPERATIONAL,39.2155443,9.1160521,store,45
ChIJnQd6XJI15xIRi4Rm2LeA_y4,Agenzia Immobiliare Tecnocasa Impresa Cagliari,Immobiliare,"Corso Vittorio Emanuele II, 133, 09124 Cagliari CA",070 656056,https://cagliari2.tecnocasaimpresa.it/,4.9,47,OPERATIONAL,39.2184728,9.1105903,real_estate_agency,45
ChIJQ25k5QU05xIR5UJuxuyFv4s,Estima srl - Consulente immobiliare,Immobiliare,"Viale Trieste, 40, 09124 Cagliari CA",070 463 7804,http://www.estima.re.it/,4.9,44,OPERATIONAL,39.2179125,9.107144,real_estate_agency,45
ChIJt-wxZtE05xIR2J14Q2_JWhc,Scotto Immobiliare,Immobiliare,"Via Eligio Porcu, 70 Via Logudoro, 5 Palazzo Doglio, 09045 Quartu Sant'Elena CA",349 669 3009,http://scottoimmobiliare.it/,4.9,23,OPERATIONAL,39.213931099999996,9.1209286,real_estate_agency,45
ChIJO6-4WgA15xIRuP1E49rGct0,Pizzeria Vincenzo Capuano Cagliari,Pizzeria,"Piazza del Carmine, 15, 09124 Cagliari CA",070 666727,https://www.capvin.com/,4.9,26,OPERATIONAL,39.21651430000001,9.1089563,pizza_restaurant,45
ChIJpdEvGQA15xIRolMGQtiQroQ,L' atypica Specialty Coffee Torrefazione,Bar,"Via Giuseppe Garibaldi, 65, 09125 Cagliari CA",370 167 7845,http://www.latypica.com/,5,45,OPERATIONAL,39.2162119,9.1186594,food_store,45
ChIJ5TJEeAw05xIRJnEh_J_5LQo,Top Estetica Cagliari,Estetica,"Via Alghero, 13A, 09127 Cagliari CA",070 684 8616,https://www.topesteticacagliari.com/,4.5,40,OPERATIONAL,39.2180284,9.1210171,beauty_salon,45
ChIJ59JwGws05xIRpP8oxiMplbg,Eccentrica Beauty- estetica avanzata,Estetica,"Via S. Lucifero, 89, 09127 Cagliari CA",070 858 8113,https://www.facebook.com/EccentricaBeauty/,4.7,24,OPERATIONAL,39.214507999999995,9.121520499999999,beauty_salon,45
ChIJU8piJog15xIRlhFnBGTPlKw,deb Studio Estetico,Estetica,"Via Pietro Delitala, 11, 09127 Cagliari CA",329 132 2864,https://debstudioestetico.it/,5,47,OPERATIONAL,39.2167339,9.1223419,beauty_salon,45
ChIJD_MR9JM15xIRrRBPZ-Qya6A,ANYTIME FITNESS - Cagliari,Palestra,"Via Calamattia, 11, 09134 Cagliari CA",070 849 0202,http://www.anytimefitness.it/,4.7,21,OPERATIONAL,39.238587599999995,9.1236091,gym,45
ChIJIaShL_M15xIRF9jbQTvTWCc,SOLO Lei Fitness Cagliari,Palestra,"Via della Pineta, 5, 09125 Cagliari CA",351 303 2741,https://www.solo-lei.it/,5,32,OPERATIONAL,39.2124537,9.12951,gym,45
ChIJQUZlgg815xIR0XAOuYCxLWk,PhiBody,Palestra,"Via Nuoro, 31, 09127 Cagliari CA",351 611 3614,http://www.phibody.it/,5,35,OPERATIONAL,39.2126042,9.1213835,health,45
ChIJdzNfb9M35xIRyO5QUTOBYCE,Studio Dott. Matteo Atzori - Consulente del Lavoro,Studio professionale,"P.za Giovanni XXIII, 62, 09128 Cagliari CA",070 592 8317,https://www.matteoatzori.it/,5,21,OPERATIONAL,39.2266726,9.1258602,service,45
ChIJgzeiKAA15xIRVPTvEcRX2Uk,SNIPES,Scarpe,"Via Giuseppe Garibaldi, 176, 09127 Cagliari CA",070 592 2173,https://www.snipes.com/it-it/,4.6,11,OPERATIONAL,39.2175399,9.1194543,shoe_store,40
ChIJTcb7sAw05xIRIDFo0LvK7BE,Nika Calzature,Scarpe,"Via Alghero, 47/A, 09127 Cagliari CA",070 351 4016,https://www.nikacalzature.com/,4.8,16,OPERATIONAL,39.2168379,9.1236956,shoe_store,40
ChIJpyOeIQk05xIRScj4Xlhpj7A,Tata Italia Cagliari,Scarpe,"Via Giuseppe Manno, 67, 09124 Cagliari CA",070 463 2840,https://www.tataitalia.com/store.aspx,4.1,16,OPERATIONAL,39.216745499999995,9.1140242,shoe_store,40
ChIJd2j4XvY15xIRZT9Hnb-FT5w,Le Boutique Messaggerie | Piquadro - Coccinelle - Alviero Martini 1 Classe - Gio+,Accessori moda,"Via Giuseppe Garibaldi, 122, 09125 Cagliari CA",388 648 2272,https://messaggerieleboutique.it/,5,19,OPERATIONAL,39.2167002,9.119031999999999,store,40
ChIJW6BU7wg05xIR53SKh5LLKI4,Inveloveritas,Accessori moda,"Piazza Giovanni Maria Dettori, 4, 09124 Cagliari CA",340 002 4196,http://www.inveloveritas.it/,4.9,17,OPERATIONAL,39.215634699999995,9.1145109,clothing_store,40
ChIJGZGnTgo05xIR582o5smNGuQ,Abitattivo,Immobiliare,"Via Sidney Sonnino, 95, 09127 Cagliari CA",392 660 2830,https://www.idealista.it/pro/vivere-cagliari-immobiliare/,4.7,12,OPERATIONAL,39.2140218,9.1198593,real_estate_agency,40
ChIJLQkHbCIz5xIRKrfOXFULWY8,"Upper House, Ristorante Cagliari - UH",Ristorante,"Via Dante Alighieri, 62b, 09127 Cagliari CA",,https://upperhouse.plateform.app/,4.7,139,OPERATIONAL,39.2172419,9.124763,restaurant,40
ChIJnaJb0gU05xIRdQCxHZbd5DI,Asd Body Sport,Palestra,"Via Malta, 43, 09124 Cagliari CA",070 657333,https://www.facebook.com/AsdBodySport/,4.4,14,OPERATIONAL,39.2177882,9.109275799999999,fitness_center,40
ChIJi_fEam005xIRacbnY3KVO_M,Studio Lampis - Commercialista - Revisore Contabile,Studio professionale,"Viale Bonaria, 90, 09125 Cagliari CA",070 340244,https://www.studiolampis.it/,5,10,OPERATIONAL,39.210901899999996,9.1202122,consultant,40
ChIJG6EbIivL4BIRSquYpCAkFsw,Studio Dott. Fabio Orofino - Consulenza Fiscale e del Lavoro,Studio professionale,"Via Lanusei, 29, 09125 Cagliari CA",070 459 1983,https://studioorofino.it/,5,16,OPERATIONAL,39.2144056,9.1182559,service,40
ChIJL8U53Qs05xIRAw5M2EjJedA,A-TO Arte e Design,Accessori moda,"d'Arborea, Via Eleonora D'Arborea, 54, 09125 Cagliari CA",070 1525 6881,http://www.a-to.it/,4.9,7,OPERATIONAL,39.215629299999996,9.118571099999999,store,35
ChIJL17WkQw05xIR4J-AY9AF9pA,Dama aureA,Accessori moda,"Via Sidney Sonnino, 185A, 09127 Cagliari CA",351 334 8580,https://www.damaaurea.it/,5,5,OPERATIONAL,39.2175096,9.1215558,store,35
ChIJeWuTl4815xIR4_sx_-8kxsc,MAG Borse Accessori Bijoux,Accessori moda,"Via Sidney Sonnino, 159, 09127 Cagliari CA",070 093 4053,https://www.facebook.com/magstorecagliari,5,2,OPERATIONAL,39.2168101,9.1211053,store,35
ChIJE6a3whU15xIRBq__upXQP_Y,Z-ONE Fahion | Souvenir | Costumi da Bagno | Sandali | Vestiti | Moda Mare | Magliette Sardegna,Accessori moda,"Largo Carlo Felice, 7, 09124 Cagliari CA",,https://m.facebook.com/people/Z-ONE-souvenir-fashion/100069697009274/,4.5,20,OPERATIONAL,39.2152057,9.1114812,store,35
ChIJ5aVYDmA15xIRxUNNb9uIvE0,DIMENSIONE CASA IMMOBILIARE,Immobiliare,"Via XX Settembre, n° 25, 09125 Cagliari CA",338 392 0230,http://www.dimensionecasasardegna.com/,4.5,2,OPERATIONAL,39.2127488,9.118335499999999,real_estate_agency,35
ChIJAQC0cao15xIRPOupmGsZspk,Adamo Piras Immobiliare,Immobiliare,"Via del Mercato Vecchio, 9/11, 09124 Cagliari CA",351 839 6371,https://www.adamopiras.it/,5,4,OPERATIONAL,39.2152835,9.1121657,real_estate_agency,35
ChIJGRh2ejk15xIRTMwZ5tbPnNM,IMOBILIANDO- Agenzia immobiliare Cagliari,Immobiliare,"Piazza Costituzione, 3, 09124 Cagliari CA",070 705 0214,https://www.imobiliando.it/,5,3,OPERATIONAL,39.2154433,9.1164589,real_estate_agency,35
ChIJ-ZrbXRM15xIRNrTl33-oQqM,Studio Professionale Falchi,Studio professionale,"Via Enrico Costa, 46, 09128 Cagliari CA",070 490628,https://www.studioprofessionalefalchi.com/,5,1,OPERATIONAL,39.225419200000005,9.1236324,consultant,35
ChIJNf75lxY05xIRG5VAETcWLmQ,studio professionale conti - dottori commercialisti,Studio professionale,"Via Piemonte, 33, 09127 Cagliari CA",070 493465,http://www.studiconti.it/,5,2,OPERATIONAL,39.227927199999996,9.1162685,consultant,35
ChIJWQI0cgQ05xIRDwtpnNcZH1I,Studio Assorgia Stefano,Studio professionale,"Via Goffredo Mameli, 118, 09123 Cagliari CA",070 658360,http://www.studioassorgia.it/,5,1,OPERATIONAL,39.219380699999995,9.1074101,consultant,35
ChIJM6wzTyM05xIRExINJdu5KkY,Ibba Studio Associato - Dott. Commercialisti e Consulenti del Lavoro. Autorizzato CAF,Studio professionale,"Via Portovesme, 27, 09121 Cagliari CA",070 270376,http://www.ibbastudioassociato.it/,5,3,OPERATIONAL,39.2371319,9.1118531,service,35
ChIJt-Pu0ws05xIRK98gdwJnCf8,Studio Dr. Edoardo Pavan Commercialista,Studio professionale,"Via Lanusei, 18, 09125 Cagliari CA",320 052 8458,https://www.commercialistapavan.it/,5,6,OPERATIONAL,39.2147013,9.118423199999999,consultant,35
ChIJr3fD-Qo05xIRQHj2RWWBZgg,Studio Associato Murgia Tronci,Studio professionale,"Via Nuoro, 72, 09125 Cagliari CA",070 663075,http://studiomurgiatronci.com/,4.5,8,OPERATIONAL,39.2134925,9.1209291,consultant,35
ChIJQx374hc05xIRu2xCdtfJcsQ,Consulenti Del Lavoro e Fiscale Cagliari - Studio Associato Torri,Studio professionale,"Via Campania, 10, 09121 Cagliari CA",070 208 9090,http://www.studioassociatotorri.it/,4.5,2,OPERATIONAL,39.232673299999995,9.1132092,consultant,35
ChIJqek9fQM05xIRIMOYvfSHif0,Ferri Dott.ssa Viviana Studio Commercialista,Studio professionale,"Corso Vittorio Emanuele II, 404, 09123 Cagliari CA",070 666404,https://www.studiocommercialeferri.it/,4.4,7,OPERATIONAL,39.2210458,9.106770599999999,consultant,35
ChIJRyjRh2o05xIRFSzvYU3kJsE,Studio Sias di Sias Giandiego,Studio professionale,"Via Filippo Figari, 7/B, 09131 Cagliari CA",070 756 9466,http://www.studiosias.it/,5,4,OPERATIONAL,39.231829,9.1260976,consultant,35
ChIJhV0oIAk05xIRQpPrwOl4gxw,ZARA,Abbigliamento,"Via Giuseppe Manno, 18, 09124 Cagliari CA",02 3828 7152,https://www.zara.com/it/it/stores-locator/zara-cagliari-via-manno-s3308,3.9,2764,OPERATIONAL,39.2158643,9.1154719,clothing_store,30
ChIJbdKN0Ac05xIRC-Cd5vqwI5k,CAFFE' ROMA M.C.,Bar,"Via Roma, 111, 09124 Cagliari CA",070 653399,https://m.facebook.com/Caff%C3%A8-Roma-404359059745344/,3.9,435,OPERATIONAL,39.2143219,9.111928599999999,coffee_shop,30
